ID,Classification,Application,Coarse 3/4 ,Coarse 3/8 ,Fine,Cement,Cement Type, Admixture 1 ,Type of Admixture 1, Admixture 2 ,Type of Admixture 2,Water ,Concrete Temperature ,Ambient Temperature ,Slump ,Water to Cement Ratio,Air Content , Compressive Strength ,Cost ,CO2 Emissions ,NOTE
1,Harsh Environment ,colum-beam-wall-slab-foundation,811,0,929,415,Type 5 Behbahan,0,0,0,0,210,29,24,9,0.48,2.1,31.16,0.93,502,mixed coarse aggregate
2,Harsh Environment ,colum-beam-wall-slab-foundation,398,398,986,393,Type 5 Behbahan,23,micro silice gel-Sanat Bam Golstan ,0,0,183,26,22,12,0.4,2,40.54,1.19,505.1,"Layout  316- Type 5 Behbahan -Ashkani Aggregate -Admixture: Micro silica gel SF-MIX 3000 ""SANAT BAM GHOLESTAN"" (+ https://www.tolideirani.com/companies/robotik/chimisazeh?sp=1)"
3,Harsh Environment ,colum-beam-wall-slab-foundation,493,329,945,405,Type 5 Ramhormoz,5,micro silice gel-Sanat Bam Golstan ,0,0,190,27,26,12,0.43,2,40.04,0.98,498.35,Layout  316- Type 5 Behbahan
4,Harsh Environment ,colum-beam-wall-slab-foundation,521,347,879,411,Type 5 Karun,5,micro silice gel-Sanat Bam Golstan ,0,0,193,27,24,12,0.43,2,36.76,0.99,503.35,"Layout  316- Type 5 Karun - -Admixture: Micro silica gel SF-MIX ACP ""SANAT BAM GHOLESTAN"" (+ https://www.tolideirani.com/companies/robotik/chimisazeh?sp=1)"
5,Harsh Environment ,colum-beam-wall-slab-foundation,641,160,936,387,Type 5 Ramhormoz,23,micro silice gel-Sanat Bam Golstan ,0,0,186,26,22,12,0.41,2,40.23,1.17,496.85,"Layout  316- Type 5 Ramhormoz -Admixture: Micro silica gel SF-MIX 3000 ""SANAT BAM GHOLESTAN"" (+ https://www.tolideirani.com/companies/robotik/chimisazeh?sp=1)"
6,Harsh Environment ,precast wall-channel-culvert,629,210,920,382,Type 5 Behbahan,18,micro silice gel-Zarin ,0,0,188,21,18,20,0.42,2,33.8,1.11,487.95,"Layout 250- cast in place pile - -Admixture: Micro silica gel BS920 ""BETON SHIMI REZIN"" (https://betonbs.com/)"
7,Harsh Environment ,colum-beam-wall-slab-foundation,356,436,916,420,Type 5 Behbahan,0,0,0,0,215,18,16,10,0.46,2.2,35.38,0.93,505.4,Layout 300 - Cement Type 5 Khozestan
8,Harsh Environment ,colum-beam-wall-slab-foundation,358,358,1079,400,Type 5 Ramhormoz,2,superplastisizer-Zarin,0,0,179,18,17,10,0.4,2,38.97,0.95,491.75,"Layout 300 - Cement Type 5 Khozestan - Admixture:  Normal Superplasticizer  S.P.A PLAST-M4 "" ABADGHARAN"" (https://www.abadgarangroup.net/)"
9,Harsh Environment ,colum-beam-wall-slab-foundation,628,269,808,400,Type 5 Ramhormoz,0,0,0,0,225,29,20,12,0.52,2.2,28.33,0.9,485.25,Layout 300 - Cement Type 5
10,Harsh Environment ,colum-beam-wall-slab-foundation,445,303,1097,340,Type 5 Ramhormoz,10,superplastisizer-Zarin,0,0,178,31,28,9,0.45,2.1,36.57,0.97,442.25,Layout 250 - Cement Type 5
11,Harsh Environment ,colum-beam-wall-slab-foundation,465,310,1006,391,Type 5 Behbahan,19,superplastisizer-Zarin,0,0,178,28,27,14,0.4,2,35.76,1.13,499.05,Layout  316- Type 5 Behbahan
12,Harsh Environment ,colum-beam-wall-slab-foundation,429,351,955,370,Type 5 Behbahan,0,0,0,0,223,28,20,7,0.55,2.2,32.48,0.87,456.75,Layout 250 - Cement Type 5
13,Non-structural concrete ,precast wall-chanel-culvert,398,398,1221,260,Type 2 Khuzestan ,4.4,Superplasticizers˜,0,0,140,26,21,10,0.45,2.1,22.15879882,0.8223,365.25,Layout 160  - Cement Type 2 Khozestan- Superplasticizer A
14,Non-structural concrete ,precast wall-chanel-culvert,398,398,1221,260,Type 2 Khuzestan ,4.7,Superplasticizers˜,0,0,140,26,21,10,0.45,2.1,22.53650561,0.8259,365.55,Layout 160  - Cement Type 2 Khozestan- Superplasticizer C
15,Structural Concrete,colum-beam-wall-slab-foundation,660,165,937,370,Type 2 Khuzestan ,0,0,0,0,209,26,28,8,0.52,2.3,27.25784059,0.873535,458.1,Layout 250
16,Structural Concrete,colum-beam-wall-slab-foundation,561,302,1000,320,Type 2 Khuzestan ,0,0,0,0,181,27,27,13,0.51,2.2,28.70571665,0.823315,413.15,Layout 250
17,Structural Concrete,colum-beam-wall-slab-foundation,537,439,860,334,Type 2 Khuzestan ,16,beton chimie,0,0,175,28,29,12,0.45,2.1,29.39817911,1.029425,441.8,Layout 250-Admixture beton chimie (https://beton-chimie.ir/)
18,Structural Concrete,colum-beam-wall-slab-foundation,544,293,909,370,Type 2 Khuzestan ,0,0,0,0,211,26,27,10,0.52,2.2,28.95752118,0.870365,457.3,Layout 250 -Cement Type 2
19,Structural Concrete,colum-beam-wall-slab-foundation,544,293,1150,301,Type 2 Khuzestan ,9,POWERGEL-Resinbeton Bartar,0,0,146,18,18,15,0.41,2.3,25.62111113,0.92899,409.35,Layout 210-POWERGEL-Resinbeton Bartar (https://resinbeton.com/product/%d9%be%d8%a7%d9%88%d8%b1%da%98%d9%84/ )
20,Structural Concrete,colum-beam-wall-slab-foundation,709,236,927,340,Type 2 Khuzestan ,10,PowerGel C50 betonpas,0,0,174,29,24,9,0.43,2.1,29.90178818,0.97301,443.6,Layout 250- Cement Type 2-PowerGel C50 betonpas (https://betonpas.com/category/%d8%a2%d8%a8%d8%a8%d9%86%d8%af-%da%a9%d9%86%d9%86%d8%af%d9%87-%d9%87%d8%a7%db%8c-%d8%a8%d8%aa%d9%86#12 )
21,Structural Concrete,colum-beam-wall-slab-foundation,709,236,927,340,Type 2 Khuzestan ,10,PowerGel C50 betonpas,0,0,174,29,24,9,0.43,2.1,29.90178818,0.97301,443.6,Layout 250- Cement Type 2-PowerGel C50 betonpas (https://betonpas.com/category/%d8%a2%d8%a8%d8%a8%d9%86%d8%af-%da%a9%d9%86%d9%86%d8%af%d9%87-%d9%87%d8%a7%db%8c-%d8%a8%d8%aa%d9%86#12 )
22,Structural Concrete,colum-beam-wall-slab-foundation,542,232,983,370,Type 2 Khuzestan ,0,0,0,0,199,17,17,8,0.48,2.2,27.88735192,0.872385,457.85,Layout 250- Cement Type 2 Khozestan-Precast concrete wall
23,Structural Concrete,colum-beam-wall-slab-foundation,575,310,1130,300,Type 2 Khuzestan ,1.44,Superplasticizers betoncover PLN80 ,0,0,137,18,19,9,0.4,2.1,30.21654384,0.842335,402.19,Layout 250-Superplasticizers betoncover (https://betoncover.com/product/%d8%b1%d9%88%d8%a7%d9%86-%da%a9%d9%86%d9%86%d8%af%d9%87-%d9%88-%da%a9%d8%a7%d9%87%d9%86%d8%af%d9%87-pln80/ )
24,Structural Concrete,colum-beam-wall-slab-foundation,542,232,1062,350,Type 2 Khuzestan ,11, super gel abadgaran MS-5-FP,0,0,166,17,17,13,0.4,2,31.16081084,0.99169,452.8,Layout 250 Precast concrete channel - Cement Type2 Khozestan-super gel abadgaran (https://www.abadgarangroup.net/fa-IR/Product/592/%D8%B3%D9%88%D9%BE%D8%B1%DA%98%D9%84-%D8%A7%D9%84%DB%8C%D8%A7%D9%81%DB%8C)
25,Structural Concrete,colum-beam-wall-slab-foundation,517,278,901,365,Type 2 Khuzestan ,0,0,0,0,220,31,27,9,0.54,2.3,28.89457005,0.8535,449.8,Layout 250 
26,Non-structural concrete ,precast wall-chanel-culvert,650,278,1057,243,Type 2 Khuzestan ,8,Microsilica Gel,0,0,145,31,27,5,0.5,2.2,19.38894896,0.835375,350.25,Layout160 -Admixture: Micro silica power gel
27,Structural Concrete,colum-beam-wall-slab-foundation,650,278,894,340,Type 2 Khuzestan ,11,Microsilica Gel,0,0,176,31,27,10,0.45,2.1,31.41261537,0.97504,442.1,Layout250 - Admixture: Micro silica power gel
28,Non-structural concrete ,precast wall-chanel-culvert,442,442,1167,244,Type 2 Khuzestan ,6,unknown,2.25,unknown,137,30,25,8,0.45,2.2,25.99881793,0.825855,352.55,Layout200 -with admixture
29,Structural Concrete,colum-beam-wall-slab-foundation,510,340,1026,343,Type 2 Khuzestan ,7,unknown,1.05,unknown,175,30,27,14,0.45,2.1,29.77588591,0.942025,443.8,Layout250 -with admixture - Cement type 5 khizestan
30,Structural Concrete,colum-beam-wall-slab-foundation,544,293,1029,372,Type 2 Khuzestan ,8,unknown,0,0,170,19,17,14,0.4,2,32.60868689,0.99255,473.3,Layout280 -with admixture 
31,Structural Concrete,colum-beam-wall-slab-foundation,544,293,1075,342,Type 2 Khuzestan ,8,unknown,0,0,162,18,17,15,0.41,2.2,30.65720177,0.95963,445.6,Layout250 -with admixture
32,Structural Concrete,colum-beam-wall-slab-foundation,544,293,1150,301,Type 2 Khuzestan ,9,unknown,0,0,146,18,15,15,0.41,2.3,25.62111113,0.92899,409.35,Layout210 -with admixture
33,Structural Concrete,colum-beam-wall-slab-foundation,496,331,1053,352,Type 2 Khuzestan ,19,unknown,2.6,unknown,167,20,18,12,0.4,2,30.27949497,1.099305,465,Layout250 -with admixture
34,Non-structural concrete ,precast wall-chanel-culvert,736,184,1143,250,Type 2 Khuzestan ,2.5,unknown,0,0,134,17,17,9,0.45,2.1,23.16601694,0.79461,355.65,Layout200 -with admixture
35,Structural Concrete,colum-beam-wall-slab-foundation,549,449,810,340,Type 2 Khuzestan ,0,0,0,0,178,30,28,10,0.49,1.9,27.38374286,0.84027,430.4,Layout250 -without admixture - Cement type 2
36,Structural Concrete,colum-beam-wall-slab-foundation,612,262,956,320,Type 5 Ramhormoz,0,0,0,0,188,30,27,11,0.55,1.9,26.1247202,0.81682,411.5,layout 210 - Cement type2 Ramhormoz
37,Structural Concrete,colum-beam-wall-slab-foundation,537,358,985,336,Type 5 Ramhormoz,14,unknown,0,0,161,31,29,13,0.41,2.1,28.45391212,1.016815,444,Layout250 -Admixture: Micro silica gel
38,Structural Concrete,colum-beam-wall-slab-foundation,754,0,1171,350,Type 5 Ramhormoz,7,unknown,0,0,145,29,21,13,0.37,2,36.88936394,0.961175,453.25,Layout 250 with admixture - mixed coarse aggregate
39,Structural Concrete,colum-beam-wall-slab-foundation,754,0,983,370,Type 5 Ramhormoz,0,0,0,0,216,29,21,13,0.55,2.2,30.02769044,0.86864,456.85,Layout 250 without admixture - mixed coarse aggregate
40,Structural Concrete,colum-beam-wall-slab-foundation,641,160,1032,360,Type 5 Ramhormoz,1.8,unknown,0,0,175,29,20,14,0.43,2,33.67885616,0.894825,453.45,Layout 250 with Plasticizer
41,Structural Concrete,colum-beam-wall-slab-foundation,641,160,1012,338,Type 5 Ramhormoz,22,unknown,0,0,175,29,20,15,0.43,2.1,34.62312315,1.102425,450.65,Layout250 -Admixture: Micro silica gel
42,Structural Concrete,colum-beam-wall-slab-foundation,668,167,1103,300,Type 5 Ramhormoz,6,unknown,0,0,167,29,20,13,0.47,2.2,28.64276552,0.882105,402.9,layout 204 - Cement type 2
43,Non-structural concrete ,precast wall-channel-culvert,582,314,1038,270,Type 5 Ramhormoz,0,0,0,0,173,29,26,7,0.56,2.4,19.20009557,0.767395,366.7,Layout160-without admixture
44,Non-structural concrete ,precast wall-channel-culvert,582,314,973,310,Type 5 Ramhormoz,0,0,0,0,185,30,26,8,0.53,2.3,24.29913734,0.810575,403.45,Layout200-without admixture
45,Structural Concrete,colum-beam-wall-slab-foundation,582,314,902,360,Type 5 Ramhormoz,0,0,0,0,196,30,27,8,0.49,2.2,30.09064157,0.86654,449.9,Layout250-without admixture
46,Structural Concrete,colum-beam-wall-slab-foundation,410,274,1065,360,Type 5 Ramhormoz,0,0,0,0,210,30,28,11,0.54,2.1,25.87291566,0.85695,447.45,Layout 250
47,Structural Concrete,colum-beam-wall-slab-foundation,464,464,970,250,Type 5 Ramhormoz,2.5,unknown,0,0,181,29,31,8,0.66,2.1,30.59425064,0.762315,347.4,Layout200 -with admixture
48,Structural Concrete,colum-beam-wall-slab-foundation,464,464,938,300,Type 5 Ramhormoz,2.1,0,0,0,178,30,31,10,0.54,2.1,37.07821734,0.82107,395.4,Layout250 -with admixture
49,Structural Concrete,colum-beam-wall-slab-foundation,464,464,970,250,Type 5 Ramhormoz,2.5,0,0,0,181,29,31,8,0.66,2.1,32.29393123,0.762315,347.4,Layout200 -with admixture
50,Structural Concrete,colum-beam-wall-slab-foundation,464,464,938,300,Type 5 Ramhormoz,2.1,0,0,0,178,30,31,10,0.54,2.1,37.07821734,0.82107,395.4,Layout250 -with admixture
51,Structural Concrete,colum-beam-wall-slab-foundation,398,398,1091,350,Type 2 Khuzestan ,5.6,Superplasticizers˜,0,0,161,27,22,10,0.4,2,33.04934483,0.937015,449.95,Layout 250  - Cement Type 2 Khozestan- Superplasticizer A
52,Structural Concrete,colum-beam-wall-slab-foundation,398,398,1091,350,Type 2 Khuzestan ,5.3,Superplasticizers˜,0,0,161,27,22,10,0.4,2,33.55295389,0.933415,449.65,Layout 250  - Cement Type 2 Khozestan- Superplasticizer C
53,Structural Concrete,colum-beam-wall-slab-foundation,641,160,1026,338,Type 2 Khuzestan ,12, Zarfam.SUPERGEL-510R,0,0,173,27,28,10,0.43,2.1,32.67163803,0.985195,441.35,"layout 250 - Super Gel  Z.SUPERGEL 510R ""zarfam"" (http://zarfampolymer.com/product/%D8%B3%D9%88%D9%BE%D8%B1%DA%98%D9%84-%D8%AF%DB%8C%D8%B1%DA%AF%DB%8C%D8%B1-z-superjel-510r/)"
54,Structural Concrete,colum-beam-wall-slab-foundation,0,202,1483,400,Type 2 Khuzestan ,0,0,0,0,200,26,28,5,0.5,2.1,32.2309801,0.9,484.25,Layout 200- Shotcrete
55,Structural Concrete,colum-beam-wall-slab-foundation,616,264,1090,300,Type 2 Khuzestan ,4.5,Polycarboxylate superplasticizers FLOWMEXR-121,5,Microfiber,142,25,25,14,0.4,2,30.40539724,0.87013,403,Layout 200-Super Plasticizer FLOWMETER-121 polycarboxylate & macro-synthetic fiber  - Cement Type2 khozestan - Concrete Channel
56,Structural Concrete,colum-beam-wall-slab-foundation,730,1139,335,350,Type 2 Khuzestan ,15,Poly gel SG500  fanavarimasalehIranian,0,0,162,19,17,12,0.4,2.1,32.54573576,1.11323,475.2,"Layout 240 -Cement Type 2- Poly Gel SG500 ""favari masaleh novin  Iranian"" (https://bonyadbeton.com/fa/component/k2/item/121.html)"
57,Structural Concrete,colum-beam-wall-slab-foundation,505,337,961,360,Type 2 Khuzestan ,0,0,0,0,195,27,28,12,0.5,2.2,30.65720177,0.867525,450.15,Layout 250 - Cement Type 2
58,Structural Concrete,colum-beam-wall-slab-foundation,547,365,932,336,Type 2 Khuzestan ,14,unknown,0,0,169,28,27,7.5,0.43,2,30.9090063,1.009735,442.2,Layout 250 with admixture 1
59,Structural Concrete,colum-beam-wall-slab-foundation,649,278,927,336,Type 2 Khuzestan ,14,unknown,0,0,161,28,28,11,0.4,2.1,30.15359271,1.011615,442.7,Layout 250 with admixture 2
60,Structural Concrete,colum-beam-wall-slab-foundation,537,439,906,334,Type 5 Ramhormoz,8,micro silica gel-Panta- PNR3,0,0,158,28,28,12,0.4,2.1,30.65720177,0.84637,428.1,"Layout250 - Cement Type2 Ramhormoz -Admixture: Micro silica gel PNR3 ""Panta"" (http://pantaco.co/11311-PNR3-Superjel)"
61,Structural Concrete,colum-beam-wall-slab-foundation,480,320,934,365,Type 5 Ramhormoz,0,0,0,0,203,30,20,10,0.51,2.2,31.53851763,0.860845,451.7,Layout 250 - Cement Type 2
62,Structural Concrete,colum-beam-wall-slab-foundation,9050,0,1017,350,Type 5 Ramhormoz,3.15,superplasisizer- STRUSIN N520,0,0,155,31,20,16,0.39,2.1,33.55295389,2.543525,856.5,Layout 250 without admixture- Super Gel STRUSIN N20 (http://www.betonshop.ir/%D9%85%D8%AD%D8%B5%D9%88%D9%84/134/%D8%A7%D8%A8%D8%B1-%D8%B1%D9%88%D8%A7%D9%86-%DA%A9%D9%86%D9%86%D8%AF%D9%87-strusin-n520) - mixed coarse aggregate
63,Structural Concrete,colum-beam-wall-slab-foundation,480,320,1166,265,Type 5 Ramhormoz,0,0,0,0,178,30,20,4,0.57,2.2,26.18767133,0.76687,363.3,Layout 200
64,Structural Concrete,colum-beam-wall-slab-foundation,544,293,1029,372,Type 5 Ramhormoz,8,power gel-Razin Bartar,0,0,170,19,17,14,0.4,2,32.60868689,0.99255,473.3,"Layout 280 - PowerGel ""Rezin Bartar"" (https://resinbeton.com/product/%D9%BE%D8%A7%D9%88%D8%B1%DA%98%D9%84/)"
65,Structural Concrete,colum-beam-wall-slab-foundation,544,293,1075,342,Type 5 Ramhormoz,8,power gel-Razin Bartar,0,0,162,18,17,15,0.41,2.2,30.65720177,0.95963,445.6,"Layout 250 - PowerGel ""Rezin Bartar"" (https://resinbeton.com/product/%D9%BE%D8%A7%D9%88%D8%B1%DA%98%D9%84/)"
66,Structural Concrete,colum-beam-wall-slab-foundation,537,289,1096,350,Type 5 Ramhormoz,1.4,superplasticizers-Beton Shimi,0,0,157,21,20,10,0.4,2.1,31.79032217,0.893555,447.5,"Layout 250 (AGHAJARI) - Power Plasticizer ""BETON SHIMI"" (https://betonchimi.ir/%D9%81%D9%88%D9%82-%D8%B1%D9%88%D8%A7%D9%86-%DA%A9%D9%86%D9%86%D8%AF%D9%87-%D8%A8%D8%AA%D9%86/)"
67,Structural Concrete,colum-beam-wall-slab-foundation,537,289,1096,350,Type 5 Ramhormoz,1.3,superplasticizers-Beton Shimi,0,0,146,21,21,10,0.4,2.1,32.10507783,0.89219,447.4,"Layout 250 (PAZANAN) - Power Plasticizer ""BETON SHIMI"" (https://betonchimi.ir/%D9%81%D9%88%D9%82-%D8%B1%D9%88%D8%A7%D9%86-%DA%A9%D9%86%D9%86%D8%AF%D9%87-%D8%A8%D8%AA%D9%86/)"
68,Structural Concrete,colum-beam-wall-slab-foundation,496,331,1053,352,Type 2 Khuzestan ,2.6,superplasticizers-Beton Shimi,19,micro silica powder-Azna,167,20,18,12,0.4,2,30.27949497,0.902505,448.6,"Layout 250 (PAZANAN) - Power Plasticizer ""BETON SHIMI"" (https://betonchimi.ir/%D9%81%D9%88%D9%82-%D8%B1%D9%88%D8%A7%D9%86-%DA%A9%D9%86%D9%86%D8%AF%D9%87-%D8%A8%D8%AA%D9%86/)  & Micro silica AZNA ( +https://iran-tejarat.com/Ads2225/Sch15805265/%D9%85%DB%8C%DA%A9%D8%B1%D9%88%D8%B3%DB%8C%D9%84%DB%8C%D8%B3.html)"
69,Structural Concrete,colum-beam-wall-slab-foundation,412,412,1023,350,Type 2 Khuzestan ,3.5,,0,0,177,29,25,12,0.45,2.1,32.0421267,0.904055,445.85,"Layout250 - Plasticizer Z.PLAST-211RB ""ZARFAM POLIMER"" (http://zarfampolymer.com/product/%D8%B1%D9%88%D8%A7%D9%86%D8%B3%D8%A7%D8%B2-z-plast-111nb-%DA%A9%D9%BE%DB%8C-2/)"
70,Structural Concrete,colum-beam-wall-slab-foundation,412,412,1023,350,Type 2 Khuzestan ,2.45,unknown,0,0,177,30,26,16,0.45,2.1,33.67885616,0.891455,444.8,"Layout250 - Plasticizer Z.PLAST-220 RB ""ZARFAM POLYMER"" (http://zarfampolymer.com/shop/)"
71,Structural Concrete,colum-beam-wall-slab-foundation,460,376,979,315,Type 2 Khuzestan ,35,unknown,0,0,173,30,27,12,0.45,2.1,31.79032217,1.226595,440.75,Layout250 -with admixture
72,Structural Concrete,colum-beam-wall-slab-foundation,839,0,947,365,Type 2 Khuzestan ,0,unknown,0,0,199,30,27,10,0.5,2.1,32.60868689,0.871185,454.3,Layout 300 - Cement Type 2 Khozestan -mixed coarse aggregate
73,Structural Concrete,colum-beam-wall-slab-foundation,418,342,1140,326,Type 2 Khuzestan ,14,unknown,0,0,157,27,27,10,0.4,2.1,28.76866778,1.006755,435,Layout 240 - with admixture - Cement Type2 
74,Structural Concrete,colum-beam-wall-slab-foundation,457,374,1060,323,Type 2 Khuzestan ,17,unknown,0,0,158,28,27,10,0.4,2.1,30.15359271,1.03677,434.55,Layout 240 - with admixture - Cement Type2 
75,Structural Concrete,colum-beam-wall-slab-foundation,633,341,833,392,Type 2 Khuzestan ,11, Zarfam.POWERGEL-500RP/FB,0,0,172,26,27,10,0.38,2.1,36.51165714,1.00878,490.35,"layout 300 (foundation of storage 300) -PowerGel Z.POWERGEL-500RP/FB ""ZARFAM POLIMER"" ( http://zarfampolymer.com)"
76,Structural Concrete,colum-beam-wall-slab-foundation,633,341,818,389,Type 2 Khuzestan ,11, Zarfam.POWERGEL-500RP/FB,0,0,176,27,28,13,0.39,2,36.25985261,1.03764,489.6,"layout 300 (slab & wall ofstorage) -PowerGel Z.POWERGEL-500RP/FB ""ZARFAM POLIMER"" ( (http://zarfampolymer.com)"
77,Structural Concrete,colum-beam-wall-slab-foundation,502,335,929,382,Type 2 Khuzestan ,18,super micro bead silica gel - MS-5-CFZ - Abadgran ,0,0,186,20,18,15,0.4,2,38.08543547,1.10679,488.3,"Layout 300 - Cement Type2 Khozestan -SuperGel Microsylic CFZ-MS-5 ""ABADGHARAN"" (https://www.abadgarangroup.net/fa-IR/Product/227/%D8%B3%D9%88%D9%BE%D8%B1-%DA%98%D9%84)"
78,Structural Concrete,colum-beam-wall-slab-foundation,496,331,981,389,Type 2 ,11,micro bead silica gel - PNR2-Panta,0,0,179,18,18,12,0.4,2,38.46314226,1.040885,490.4,"Layout300 - Cement Type2 -GelMicrocylis PNR2 ""Panta"""
79,Structural Concrete,colum-beam-wall-slab-foundation,561,240,922,410,Type 2,0,0,0,0,207,28,27,12,0.46,2.2,33.04934483,0.921705,496.15,Layout 300
80,Structural Concrete,colum-beam-wall-slab-foundation,577,311,829,410,Type 2,0,0,0,0,206,27,28,10,0.46,2.2,38.65199566,0.92049,495.85,Layout 350
81,Structural Concrete,colum-beam-wall-slab-foundation,641,160,973,388,Type 2,12, Zarfam.SUPERGEL-510R,0,0,177,27,28,10,0.39,2,39.78511606,1.044655,488.7,"layout 300 -PowerGel Z.POWERGEL-510RP/FB ""ZARFAM POLIMER""  ( http://zarfampolymer.com)"
82,Structural Concrete,colum-beam-wall-slab-foundation,641,160,886,439,Type 2,11, Zarfam.SUPERGEL-510R,0,0,196,28,29,10,0.39,2,45.13596236,1.08694,534.35,"layout 350 -PowerGel Z.POWERGEL-510RP/FB ""ZARFAM POLIMER""  ( http://zarfampolymer.com)"
83,Structural Concrete,colum-beam-wall-slab-foundation,660,165,894,420,Type 2,0,0,0,0,210,27,28,9,0.46,2.2,35.18968335,0.93495,505.95,Layout 300
84,Structural Concrete,colum-beam-wall-slab-foundation,660,165,838,460,Type 2,0,0,0,0,218,28,29,7,0.44,2.1,39.72216492,0.97987,543.15,Layout 350
85,Structural Concrete,colum-beam-wall-slab-foundation,530,353,884,400,Type 2,1.2,unknown,0,0,196,24,25,10,0.45,2.1,36.95231507,0.93074,489.55,Layout 300 (foundation& wall) with Admixture
86,Structural Concrete,colum-beam-wall-slab-foundation,530,353,884,400,Type 2,1.4,unknown,0,0,196,25,26,13,0.45,2.1,36.57460827,0.93314,489.75,Layout 300 (Column & Wall &Roof) with Admixture
87,Structural Concrete,colum-beam-wall-slab-foundation,530,353,892,405,Type 2,1.7,unknown,0,0,192,25,27,12,0.39,2,43.62513517,0.94528,495.45,Layout 350 (Column & Wall &Roof) in Contact with municipal sewage with Admixture
88,Structural Concrete,colum-beam-wall-slab-foundation,530,353,892,405,Type 2,1.8,unknown,0,0,192,26,28,17,0.39,2,42.74381931,0.94648,495.55,Layout 350 (Foundation) in Contact with municipal sewage with Admixture
89,Structural Concrete,colum-beam-wall-slab-foundation,633,341,827,400,Type 2,2.6,superplasticizer- Zarfam.PLAST211RB,0,0,180,26,27,12,0.4,2,39.65921379,0.9541,492.65,"layout 300 (Foundation ,Column ,Beam  & etc.) - Cement Type 2 -Super Plasticizer Delaying Z.PLAST211RB ""ZARFAM""  ( http://zarfampolymer.com)"
90,Structural Concrete,colum-beam-wall-slab-foundation,633,341,916,350,Type 2,2.6,superplasticizer- Zarfam.PLAST211RB,0,0,161,25,27,13,0.4,2.1,33.42705162,0.901615,447.1,"layout 250 (Foundation ,Column ,Beam  & etc.) - Cement Type 2 -Super Plasticizer Delaying Z.PLAST211RB ""ZARFAM""  ( http://zarfampolymer.com)"
91,Structural Concrete,colum-beam-wall-slab-foundation,633,341,833,392,Type 2,8, Zarfam.POWERGEL-500RP/FB,0,0,172,26,27,10,0.38,2.1,36.51165714,1.00878,490.35,"Layout300  (foundation of storage) - Cement Type2 -PowerGel Z.POWERGEL-500RP/FB ""ZARFAM POLIMER""  ( http://zarfampolymer.com)"
92,Structural Concrete,colum-beam-wall-slab-foundation,633,341,818,389,Type 2,11, Zarfam.POWERGEL-500RP/FB,0,0,176,27,28,13,0.39,2,36.25985261,1.03764,489.6,"Layout300  ( (Column ,Wall &  Slab of storage) - Cement Type2 -PowerGel Z.POWERGEL-500RP/FB ""ZARFAM POLIMER""  ( http://zarfampolymer.com)"
93,Structural Concrete,colum-beam-wall-slab-foundation,716,80,992,370,Type 2,,,0,0,196,25,27,9,0.47,2.2,36.19690148,0.87854,459.4,Layout 300
94,Structural Concrete,colum-beam-wall-slab-foundation,509,339,969,372,Type 2,28,micro bead silica gel,2,superplasticizer,184,25,27,11,0.4,2,47.40220315,1.22296,490.85,Layout 350 - with Plasticizer &Microcylis
95,Structural Concrete,colum-beam-wall-slab-foundation,483,395,923,400,Type 2,1.44, super plasticizer w200-Amir Salar Beton,0,0,178,17,18,12,0.4,2,44.19169537,0.94015,491.49,"Layout 350 - with super plasticizer w200 ""AMIR SALAR BETON"" (https://salarbeton.com/)"
96,Structural Concrete,colum-beam-wall-slab-foundation,505,337,942,400,Type 2,1.3,superplasticizer-DK-L340 Dayan Kimia Beton,0,0,176,17,15,12,0.4,2,45.76547369,0.93504,490.5,"Layout 350 - with super plasticizer DK-L340  ""DAYAN KIMIYA BETON"" (+https://sakhtemuniha.com/ads/1037/%D8%B4%D8%B1%DA%A9%D8%AA-%D8%AF%D8%A7%DB%8C%D8%A7%D9%86-%DA%A9%DB%8C%D9%85%DB%8C%D8%A7-%D8%A8%D8%AA%D9%86.html)"
97,Structural Concrete,colum-beam-wall-slab-foundation,469,384,985,400,Type 2,1.5,Polycarboxylate superplasticizers- AG.FLOW-K707C -Abadgran,0,0,178,18,16,10,0.4,2,45.26186463,0.94827,493.4,"Layout 350 - Super Plasticizer polycarboxylate AG.FLOW-K707C ""ABAD GHOSTARAN MEHR KHOZESTAN"" "
98,Structural Concrete,colum-beam-wall-slab-foundation,730,1049,386,400,Type 2,14,poly gel- SG500 -Fanavary Masaleh Noin Iranian,0,0,181,20,17,12,0.4,2,40.41462739,1.163715,522.25,"Layout300 - Cement Type2 -PolyGel SG500 ""FANAVARY MASALEH NOVIN IRANIAN"" (https://bonyadbeton.com/fa/component/k2/item/121.html)"
99,Structural Concrete,colum-beam-wall-slab-foundation,720,80,914,410,Type 2,0.5,unknown,2,Microsynthetic fibers,206,29,28,13,0.46,2.1,35.06378108,0.92589,496.2,Layout300 - Cement Type2 -with admixture & Micro-Synthetic Fibres
100,Structural Concrete,colum-beam-wall-slab-foundation,513,342,841,430,Type 2,20,Super Gel- DEZOMIXM_4500 -Klinic Beton,0,0,199,28,29,12,0.4,2,42.61791704,1.184185,534.8,"Layout 350 Foundation - Super Gel DEZOMIX M_4500  ""CLINIC BETON"" (https://clinicbeton.com/%D8%A7%D9%81%D8%B2%D9%88%D8%AF%D9%86%DB%8C-%D8%B3%D9%88%D9%BE%D8%B1-%DA%98%D9%84-%D9%85%DB%8C%DA%A9%D8%B1%D9%88%D8%B3%DB%8C%D9%84%DB%8C%DA%A9%D8%A7-dezomix-m-4500/#:~:text=%DA%98%D9%84%20DEZOMIX%20M%2D4500%20%D8%B9%D9%84%D8%A7%D9%88%D9%87,%D8%B3%D8%A7%D8%B2%D9%87%20%D9%87%D8%A7%DB%8C%20%D9%86%DA%AF%D9%87%D8%AF%D8%A7%D8%B1%D9%86%D8%AF%D9%87%20%D8%A2%D8%A8)"
101,Structural Concrete,colum-beam-wall-slab-foundation,513,342,834,423,Type 2,27, powergel C50 -Beton Pas,0,0,199,28,28,12,0.4,2.1,41.86250345,1.256985,534.45,"Layout 350 Foundation - Admixture: Powergel C50 ""Beton Pas"" (https://www.betonpas.com/category/%D8%A2%D8%A8%D8%A8%D9%86%D8%AF-%DA%A9%D9%86%D9%86%D8%AF%D9%87-%D9%87%D8%A7%DB%8C-%D8%A8%D8%AA%D9%86)"
102,Structural Concrete,colum-beam-wall-slab-foundation,513,342,839,426,Type 2,24,Gel DEZOMIX-4500 -Klinic Beton,0,0,199,27,28,12,0.4,2.1,42.24021024,1.226185,534.7,"Layout 350 Foundation -Gel DEZOMIX M_4500  ""CLINIC BETON"" (https://www.clinicbetonsabz.ir/SingleConceret.aspx?id=52)"
103,Structural Concrete,colum-beam-wall-slab-foundation,513,342,837,426,Type 2,24,Super Gel DEZOMIX M-4500 -clinc Beton,0,0,199,28,28,14,0.4,2,42.49201478,1.225785,534.6,"Layout 350 Wall, Roof - Super Gel DEZOMIX M_4500  ""CLINIC BETON"" (https://clinicbeton.com/%D8%A7%D9%81%D8%B2%D9%88%D8%AF%D9%86%DB%8C-%D8%B3%D9%88%D9%BE%D8%B1-%DA%98%D9%84-%D9%85%DB%8C%DA%A9%D8%B1%D9%88%D8%B3%DB%8C%D9%84%DB%8C%DA%A9%D8%A7-dezomix-m-4500/)"
104,Structural Concrete,colum-beam-wall-slab-foundation,513,342,835,423,Type 2,27,unknown,0,0,199,28,28,14,0.4,2.1,41.73660118,1.257185,534.5,"Layout 350 Wall & Roof - Admixture: Powergel C50 ""Beton Pas"" (https://www.betonpas.com/category/%D8%A2%D8%A8%D8%A8%D9%86%D8%AF-%DA%A9%D9%86%D9%86%D8%AF%D9%87-%D9%87%D8%A7%DB%8C-%D8%A8%D8%AA%D9%86)"
105,Structural Concrete,colum-beam-wall-slab-foundation,513,342,836,423,Type 2,27,unknown,0,0,199,27,27,14,0.4,2.1,42.17725911,1.257385,534.55,"Layout 350 Wall & Roof -Gel DEZOMIX M_4500  ""CLINIC BETON"" (https://www.clinicbetonsabz.ir/SingleConceret.aspx?id=52)"
106,Structural Concrete,colum-beam-wall-slab-foundation,418,342,1030,386,Type 2,14,unknown,0,0,180,28,28,10,0.4,2,35.81919468,1.0691,489.5,Layout 300 - Cement Type 2
107,Structural Concrete,colum-beam-wall-slab-foundation,672,168,864,440,Type 2,0,0,0,0,199,29,28,20,0.4,2,41.86250345,0.959785,525.2,Layout 350
108,Structural Concrete,colum-beam-wall-slab-foundation,672,168,955,389,Type 2,0,0,0,0,180,28,28,12,0.4,2,35.69329241,0.9063,478.75,Layout 300
109,Structural Concrete,colum-beam-wall-slab-foundation,649,278,783,436,Type 2,14,unknown,0,0,199,29,28,12,0.4,2,42.17725911,1.123385,535.5,Layout 350 - Cement Type 2
110,Structural Concrete,colum-beam-wall-slab-foundation,457,374,952,384,Type 2,16,unknown,0,0,181,28,26,10,0.4,2,35.25263448,1.088915,489.15,Layout 300 - Cement Type 2
111,Structural Concrete,colum-beam-wall-slab-foundation,563,375,817,409,Type 2,1.32,superplasticizer- Promix UW-152-Tarahan BetonPaydar,31,Silica powder,192,28,28,12,0.4,2,42.80677044,0.94232,498.07,"Layout 350 - Cement Type 2 - Admixture:silica flour & Super Plasticizer Promix UW-152 ""TARAHAN BETON PADIDAR"" ( http://www.promix-co.com)  "
112,Structural Concrete,colum-beam-wall-slab-foundation,537,439,819,387,Type 2 Ramhormoz,13,micro bead silica gel - PNR3-Panta,0,0,177,28,29,12,0.4,2,36.19690148,1.059455,489.75,"Layout 300 - Cement 2 Ramhormoz - Admixture:  Micro Silica Gel ""PANTA"" (http://pantaco.co/11310-PNR3#:~:text=%D8%B4%D8%B1%D8%AD%3A,%D9%85%D8%B7%D8%B1%D8%AD%20%D8%A8%D8%A7%D8%B4%D8%AF%20%D8%AA%D9%88%D8%B5%DB%8C%D9%87%20%D9%85%DB%8C%20%DA%AF%D8%B1%D8%AF%D8%AF.)"
113,Structural Concrete,colum-beam-wall-slab-foundation,490,401,940,400,Type 2,2.2,unknown,0,0,178,28,28,10,0.4,2,40.60348079,0.95527,493.75,Layout 350 - Cement Type 2 - With Super Plasticizer
114,Structural Concrete,colum-beam-wall-slab-foundation,490,401,926,389,Type 2,11,unknown,0,0,178,28,28,10,0.4,2,41.79955231,1.04267,490.85,Layout 350 - Cement Type 2 - With Super Gel
115,Structural Concrete,colum-beam-wall-slab-foundation,535,438,744,470,Type 2,1.65,unknown,0,0,190,20,21,13,0.37,2,49.85729734,1.02405,557.5,Layout 500 - With Super Plasticizer
116,Structural Concrete,colum-beam-wall-slab-foundation,535,438,756,456,Type 2,14,unknown,0,0,190,20,21,13,0.37,2,47.33925202,1.15505,556.45,Layout 500 - With fiber gel
117,Structural Concrete,colum-beam-wall-slab-foundation,465,310,1013,380,Type 2 Ramhormoz,20,unknown,0,0,178,27,28,14,0.41,2,36.32280374,1.13227,489.4,Layout 316 - Cement Type 2 Ramhormoz
118,Structural Concrete,colum-beam-wall-slab-foundation,537,439,816,386,Type 2,14,unknown,0,0,177,28,28,12,0.4,2,37.64477753,1.069455,489.6,Layout 300 - With Admixture (https://faravardeha.com/)
119,Structural Concrete,colum-beam-wall-slab-foundation,537,439,817,386,Type 2,14,unknown,0,0,177,28,28,12,0.4,2,35.06378108,1.069655,489.65,Layout 300 - With Admixture (https://beton-chimie.ir/)
120,Structural Concrete,colum-beam-wall-slab-foundation,537,439,887,334,Type 2,16,unknown,0,0,164,28,29,12,0.42,2.1,32.54573576,1.03466,443.15,Layout 250 - With Admixture (https://faravardeha.com/)
121,Structural Concrete,colum-beam-wall-slab-foundation,304,496,999,365,Type 2,0,0,0,0,206,31,20,10,0.5,2.1,35.18968335,0.87389,454.95,Layout 300
122,Structural Concrete,colum-beam-wall-slab-foundation,544,293,1035,392,Type 2,8,Power gel-Razin Bartar,0,0,178,20,17,15,0.4,1.9,36.95231507,1.02187,493.6,"Layout 300 - Admixture: PowerGel ""REZIN BARTAR"" (https://rbbco.com/)"
123,Structural Concrete,colum-beam-wall-slab-foundation,537,289,984,410,Type 2,1.5,AURAMIX402,0,0,179,21,20,9,0.4,1.9,37.45592414,0.956685,502,Layout 310 -AGHAGARI - Admixture: AURAMIX402 (https://fosroc.com/english/product/show/auramix-402)
124,Structural Concrete,colum-beam-wall-slab-foundation,537,289,994,410,Type 2,1.4,AURAMIX402,0,0,175,21,21,10,0.39,2,37.7706798,0.957425,502.4,Layout 310 -PAZANAN - Admixture: AURAMIX402 (https://fosroc.com/english/product/show/auramix-402)
125,Structural Concrete,colum-beam-wall-slab-foundation,618,412,805,360,Type 2,1.28, AURAMIX402,40,Microsilica slurry,138,20,19,12,0.4,2,43.12152611,0.88843,453.03,Layout 280 -Admixture: AURAMIX402 (https://fosroc.com/english/product/show/auramix-402) & Microsilica 
126,Structural Concrete,colum-beam-wall-slab-foundation,618,412,805,360,Type 2,1.2, AURAMIX403,40,Microsilica slurry,138,20,19,12,0.4,1.9,45.38776689,0.88747,452.95,Layout 280 -Admixture: AURAMIX403(https://fosroc.com/english/product/show/auramix-402) & Microsilica
127,Structural Concrete,colum-beam-wall-slab-foundation,618,412,805,360,Type 2,1.2,STRUCTURO 335,40,Microsilica slurry,138,19,18,13,0.4,2,45.13596236,0.88747,452.95,Layout 280 -Admixture: STRUCTURO 335 (https://fosroc.com/product/show/structuro-335) & Microsilica
128,Structural Concrete,colum-beam-wall-slab-foundation,618,412,805,360,Type 2,1.2,POWER PLAST.R -Abadgran,40,Microsilica slurry,138,19,19,13,0.4,2,42.24021024,0.88747,452.95,"Layout 280 -Admixture: Microsilica & POWER PLAST.R ""ABADGHARAN"" (https://www.abadgarangroup.net/fa-IR/Product/197/%D9%81%D9%88%D9%82-%D8%B1%D9%88%D8%A7%D9%86-%DA%A9%D9%86%D9%86%D8%AF%D9%87-%D8%A8%D8%AA%D9%86)"
129,Structural Concrete,colum-beam-wall-slab-foundation,618,412,805,389,Type 2,11,Power gel - Eco-Abadgran,40,Microsilica slurry,178,19,19,14,0.4,2.2,40.72938305,1.04627,491.75,"Layout 280 -Admixture: Microsilica & POWERGEL ECO ""ABADGHARAN"" (https://www.abadgarangroup.net)"
130,Structural Concrete,colum-beam-wall-slab-foundation,540,360,897,368,Type 2,3.6,FARCO MENT APL - Shimi Sakhteman,32,Microsilica slurry,179,29,24,8,0.4,1.9,39.97396946,0.920485,461.45,"Layout 310 -Admixture: silica flour & Concrete waterproofing FARCO MENT APL ""shimisakhteman"" (https://shimisakhteman.net/%D9%81%D8%B1%DA%A9%D9%88%D9%85%D9%86%D8%AA-farco-ment-apl/)"
131,Structural Concrete,colum-beam-wall-slab-foundation,661,165,858,437,Type 2,14,Power gel - Eco-Abadgran,0,0,192,29,22,10,0.38,2,46.89859409,1.11948,535.2,"Layout 400  - Cement Type 2 - Admixture: Powergel ECO ""ABADGHARAN"" (https://www.abadgarangroup.net)"
132,Structural Concrete,shaft,499,333,856,440,Type 2,4.54,superplasticizer- PROMIX UV-152 +retrader PROMIX SR-120,40,Silica powder,203,22,21,19,0.4,2,38.58904453,1.011125,528.94,Layout 350 Vertical shaft- Admixture: silica flour & Super Plasticizer PROMIX UV-152 & Concrete Retarder PROMIX SR-120  (https://www.iranemart.com/fa/product/492/%D9%81%D9%88%D9%82-%D8%B1%D9%88%D8%A7%D9%86-%DA%A9%D9%86%D9%86%D8%AF%D9%87-promix-uw-152)(http://promix-co.com/cgi-sys/suspendedpage.cgi) 
133,Structural Concrete,colum-beam-wall-slab-foundation,499,333,856,440,Type 2,1.54,superplasticizer- PROMIX UV-153,40,Silica powder,203,22,21,18,0.4,2,40.41462739,0.975125,525.94,Layout 350 Foundation- Admixture: silica flour & Super Plasticizer PROMIX UV-153 (https://www.iranemart.com/fa/product/493/%D9%81%D9%88%D9%82-%D8%B1%D9%88%D8%A7%D9%86-%DA%A9%D9%86%D9%86%D8%AF%D9%87-promix-uw-153)(http://promix-co.com/cgi-sys/suspendedpage.cgi) 
134,Structural Concrete,pile,449,299,935,440,Type 2,1.54,superplasticizer- PROMIX UV-154,40,Silica powder,204,22,21,20,0.4,1.9,39.97396946,0.97414,525.69,Layout 350 bored pile - Admixture: silica flour & Super Plasticizer PROMIX UV-154 (https://www.iranemart.com/fa/product/493/%D9%81%D9%88%D9%82-%D8%B1%D9%88%D8%A7%D9%86-%DA%A9%D9%86%D9%86%D8%AF%D9%87-promix-uw-153)(http://promix-co.com/cgi-sys/suspendedpage.cgi) 
135,Structural Concrete,colum-beam-wall-slab-foundation,449,299,935,440,Type 2,1.54,superplasticizer- PROMIX UV-155,40,Silica powder,204,22,21,19,0.4,1.9,39.34445813,0.97414,525.69,Layout 350  Thin concrete pieces - Admixture: silica flour & Super Plasticizer PROMIX UV-155 (https://www.iranemart.com/fa/product/493/%D9%81%D9%88%D9%82-%D8%B1%D9%88%D8%A7%D9%86-%DA%A9%D9%86%D9%86%D8%AF%D9%87-promix-uw-153)(http://promix-co.com/cgi-sys/suspendedpage.cgi) 
136,Structural Concrete,colum-beam-wall-slab-foundation,535,438,840,365,Type 2,0,0,0,0,196,28,21,8,0.49,2.2,34.81197655,0.87654,455.65,Layout 300
137,Structural Concrete,colum-beam-wall-slab-foundation,597,199,854,451,Type 2 Karune,14,power gel micro silica,0,0,201,21,20,10,0.39,2,43.18447724,1.132415,547.5,Layout 400 - Cement Type 2 Karon - Admixture: Micro Silica Powergel 
138,Structural Concrete,colum-beam-wall-slab-foundation,597,199,786,465,Type 2 Karune,0,0,0,0,233,22,21,10,0.46,2.1,31.53851763,0.970895,544.1,Layout 400  - Without Admixture - Cement Type 2 Karon
139,Structural Concrete,colum-beam-wall-slab-foundation,575,310,1038,350,Type 2,1.4,superplasticizer- PLN80 -Beton Kaver,0,0,156,18,18,9,0.4,2,35.44148788,0.89374,447.55,"Layout 300 - Admixture: Plasticizer PLN80 ""BETON KAVER"" (https://betoncover.com/%D8%A7%D9%86%D9%88%D8%A7%D8%B9-%D8%B1%D9%88%D8%A7%D9%86-%DA%A9%D9%86%D9%86%D8%AF%D9%87-%D8%A8%D8%AA%D9%86/)"
140,Structural Concrete,colum-beam-wall-slab-foundation,600,257,805,490,Type 2,1.5,superplasticizer- Power PLAST.R-Abadgran,0,0,210,19,18,12,0.38,2,46.89859409,1.03955,574.6,"Layout 400 - Cement Type 2- Admixture: POWERPLAST- R ""Abadgaran"" (https://www.abadgarangroup.net/fa-IR/Product/197/%D9%81%D9%88%D9%82-%D8%B1%D9%88%D8%A7%D9%86-%DA%A9%D9%86%D9%86%D8%AF%D9%87-%D8%A8%D8%AA%D9%86)"
141,Structural Concrete,colum-beam-wall-slab-foundation,684,293,808,400,Type 2,1.6,superplasticizer- FOSROC-AURAMIX403,0,0,178,19,18,12,0.4,2,41.86250345,0.93887,490.85,"Layout 350 - Admixture FOSROC-AURAMIX403 ""FOSROC"" ( https://fosroc.com/english/product/show/auramix-403)"
142,Structural Concrete,colum-beam-wall-slab-foundation,684,293,700,420,Type 2,0,0,0,0,214,19,18,9,0.47,2.1,36.82641281,0.92661,503.85,Layout 350
143,Structural Concrete,colum-beam-wall-slab-foundation,684,293,897,350,Type 2,1.16,superplasticizer- FOSROC-AURAMIX403,0,0,160,18,17,12,0.4,2,36.00804808,0.88112,444.86,"Layout 300 - Admixture FOSROC-AURAMIX403 ""FOSROC"" ( https://fosroc.com/english/product/show/auramix-403)"
144,Structural Concrete,colum-beam-wall-slab-foundation,684,293,798,370,Type 2,0,0,0,0,192,18,17,9,0.47,2.2,33.86770955,0.87588,458.75,Layout 300
145,Structural Concrete,colum-beam-wall-slab-foundation,340,511,906,450,Type 2 Khuzestan ,2.34,superplasticizer- Dayan Kimia Beton,0,0,194,17,17,17,0.39,2,39.34445813,1.01239,540.19,"Layout 350 - Cement Type 2 Khozestan - Super Plasticizer ""DAYAN KIMIYA BETON"" (https://sakhtemuniha.com/ads/1037/%D8%B4%D8%B1%DA%A9%D8%AA-%D8%AF%D8%A7%DB%8C%D8%A7%D9%86-%DA%A9%DB%8C%D9%85%DB%8C%D8%A7-%D8%A8%D8%AA%D9%86.html)"
146,Structural Concrete,pile,449,299,939,437,Type 2,1.6,superplasticizer- PROMIX UV-152,14,Micro silica gel PROMIX MS-179P,192,30,27,19,0.4,2,42.49201478,0.97128,522.95,Layout 350 bored pile - Admixture: Micro silica powergel  PROMIX MS-179P & Super Plasticizer PROMIX UV-152 (http://www.promix-co.com/cgi-sys/suspendedpage.cgi)
147,Structural Concrete,colum-beam-wall-slab-foundation,449,333,865,440,Type 2,,superplasticizer- PROMIX UV-153,10,Micro silica gel PROMIX MS-179P,191,30,27,15,0.4,2.1,43.3103795,0.948265,522.35,Layout 350 Foundation - Admixture: Micro silica powergel  PROMIX MS-179P & Super Plasticizer PROMIX UV-153 (http://www.promix-co.com/cgi-sys/suspendedpage.cgi)
148,Structural Concrete,pile,449,333,879,450,Type 2,,superplasticizer- PROMIX UV-154,0,0,192,31,28,14,0.4,2.1,42.74381931,0.96508,533.05,Layout 350 Foundation - Admixture: Super Plasticizer PROMIX UV-154 (http://www.promix-co.com/cgi-sys/suspendedpage.cgi)
149,Structural Concrete,colum-beam-wall-slab-foundation,449,299,957,450,Type 2,,superplasticizer- PROMIX UV-155,0,0,192,31,28,15,0.4,2,41.67365005,0.97388,535.25,Layout 350 Thin concrete pieces - Admixture: Super Plasticizer PROMIX UV-155 (http://www.promix-co.com/cgi-sys/suspendedpage.cgi)
150,Structural Concrete,colum-beam-wall-slab-foundation,765,0,876,420,Type 2,0,0,0,0,226,31,27,9,0.49,2.3,36.00804808,0.91959,502.05,Layout 300
151,Structural Concrete,colum-beam-wall-slab-foundation,589,252,915,394,Type 2 Khuzestan ,6,Power gel- B.C120  -Beton Shimi,1,superplasticizer B.C.102NPC.C Beton Chemi Company,201,31,28,13,0.45,2,39.65921379,0.977815,487.8,"Layout 300 - Cement Type 2 Khozestan - Admixture Powergel B.C120 ""BETON SHIMI"" & Super Plasticizer B.C.120NPC.C  ""BETON SHIMI"" (https://beton-chimie.ir/portfolio_category/%D8%A7%D8%A8%D8%B1%D8%B1%D9%88%D8%A7%D9%86-%DA%A9%D9%86%D9%86%D8%AF%D9%87-%D9%87%D8%A7/)"
152,Structural Concrete,colum-beam-wall-slab-foundation,552,368,805,410,Type 2,41, Microsilica Powder,2.25,superplasticizer of Dayan Kimia Concrete Company,199,31,28,12,0.4,2,42.80677044,1.413985,537.25,"Layout 350 - Cement Type2 - Admixture: Micro silica & Super Plasticizer ""DAYAN KIMIYA BETON"" (https://sakhtemuniha.com/ads/1037/%D8%B4%D8%B1%DA%A9%D8%AA-%D8%AF%D8%A7%DB%8C%D8%A7%D9%86-%DA%A9%DB%8C%D9%85%DB%8C%D8%A7-%D8%A8%D8%AA%D9%86.html)"
153,Structural Concrete,colum-beam-wall-slab-foundation,634,211,903,394,Type 2,6,micro silica gel -klinic Beton Iran,0,0,203,30,26,13,0.45,2.1,38.65199566,0.976245,487.4,"Layout 350 - Cement Type 2 -Admixture: Micro silica gel "" CLINIC BETON IRAN"" (https://www.clinic-beton.com/ProductDetails/51/%da%98%d9%84-%d9%85%db%8c%da%a9%d8%b1%d9%88%d8%b3%db%8c%d9%84%db%8c%d8%b3)"
154,Structural Concrete,colum-beam-wall-slab-foundation,550,236,983,430,Type 2,1.29,micro silica gel -klinic Beton Iran,0,0,191,31,27,8,0.4,2,43.12152611,0.974145,519.74,"Layout 300 - Cement Type 2 -Admixture: Micro silica gel "" CLINIC BETON IRAN"" (https://www.clinic-beton.com/ProductDetails/51/%da%98%d9%84-%d9%85%db%8c%da%a9%d8%b1%d9%88%d8%b3%db%8c%d9%84%db%8c%d8%b3)"
155,Structural Concrete,colum-beam-wall-slab-foundation,354,530,939,400,Type 2,2,unknown,0,0,179,30,26,11,0.4,2,43.24742837,0.951285,493.15,Layout 350 - With Admixture
156,Structural Concrete,colum-beam-wall-slab-foundation,442,442,1017,345,Type 2,5,unknown,1.75,0,163,31,26,10,0.4,2,35.25263448,0.925645,445.05,Layout 300 - With Admixture
157,Structural Concrete,colum-beam-wall-slab-foundation,442,442,927,396,Type 2,4,unknown,2,0,181,31,27,10,0.4,2,41.23299212,0.967315,490.55,Layout 350 - With Admixture
158,Structural Concrete,colum-beam-wall-slab-foundation,411,411,1005,392,Type 2 Khuzestan ,12,unknown,0,0,153,31,28,10,0.45,2.1,43.12152611,1.060495,495.35,Layout 350  - With Admixture - Cement Type 2 Khozestan
159,Structural Concrete,colum-beam-wall-slab-foundation,412,412,927,400,Type 2,3.6,unknown,0,0,197,30,25,13,0.45,2,37.5818264,0.956355,491.15,"layout 300 -Super Plasticizer Delaying Z.PLAST211RB ""ZARFAM"""
160,Structural Concrete,colum-beam-wall-slab-foundation,412,412,952,400,Type 2,2.8,unknown,0,0,190,30,27,16,0.43,2,39.47036039,0.95165,491.6,"layout 300 -Super Plasticizer Delaying Z.PLAST220RB ""ZARFAM"""
161,Structural Concrete,colum-beam-wall-slab-foundation,839,0,947,365,Type 2 Behbahan,0,unknown,0,0,199,30,27,10,0.5,2.1,34.68607428,0.871185,454.3,Layout 300 - Cement Type 2 Behbahan
162,Structural Concrete,colum-beam-wall-slab-foundation,460,376,909,389,Type 2,11,unknown,0,0,195,30,26,12,0.45,2.1,35.63034128,1.028525,487.25,Layout 300 -With Admixture
163,Structural Concrete,colum-beam-wall-slab-foundation,538,358,930,392,Type 2,8,unknown,0,0,173,29,20,14,0.39,2.1,36.32280374,1.012595,491.3,"Layout 300 -Admixture: Powergel ""ZARFAM POLYMER"" (http://zarfampolymer.com/product/%D9%BE%D8%A7%D9%88%D8%B1%DA%98%D9%84-%D9%86%D8%B1%D9%85%D8%A7%D9%84-%D8%A8%D8%AA%D9%86-z-powerjel-50n/)"
164,Structural Concrete,colum-beam-wall-slab-foundation,538,358,851,443,Type 2,7,unknown,0,0,187,30,20,16,0.38,2,43.24742837,1.056405,537.35,"Layout 350 -Admixture: Powergel ""ZARFAM POLYMER"" (http://zarfampolymer.com/product/%D9%BE%D8%A7%D9%88%D8%B1%DA%98%D9%84-%D9%86%D8%B1%D9%85%D8%A7%D9%84-%D8%A8%D8%AA%D9%86-z-powerjel-50n/)"
165,Structural Concrete,colum-beam-wall-slab-foundation,538,358,712,460,Type 2,0,0,0,0,236,30,20,15,0.48,2.2,39.97396946,0.96914,540.4,Layout 350 -Without Admixture
166,Structural Concrete,colum-beam-wall-slab-foundation,538,358,834,450,Type 2,0,0,0,0,192,30,20,14,0.39,2,42.36611251,0.97888,536.5,"Layout 350 -Admixture: Plasticizer ""KARIZ SHIMI"" (https://karizchemical.com/)"
167,Structural Concrete,colum-beam-wall-slab-foundation,544,293,1035,392,Type 2,8,0,0,0,178,20,17,15,0.4,1.9,36.95231507,1.02187,493.6,Layout 300 -With Admixture
168,Structural Concrete,colum-beam-wall-slab-foundation,715,0,920,465,Type 2,0,0,0,0,229,20,17,10,0.46,2.3,38.21133773,0.981435,546.75,Layout 350
169,Structural Concrete,colum-beam-wall-slab-foundation,811,0,929,415,Type 2,0,0,0,0,210,29,24,9,0.48,2.1,31.16081084,0.93215,502,Layout 300
170,Structural Concrete,colum-beam-wall-slab-foundation,736,184,964,350,Type 2,3.15,unknown,0,0,171,18,17,9,0.43,2,33.55295389,0.907165,447.35,Layout 300
171,Structural Concrete,colum-beam-wall-slab-foundation,620,155,963,412,Type 2,8,unknown,0,0,185,31,28,10,0.39,2,36.82641281,1.023175,506.9,Layout 350 - Cement Type 2
172,Structural Concrete,colum-beam-wall-slab-foundation,499,333,901,420,Type 2,12,unknown,0,0,187,31,28,11,0.4,2,36.82641281,1.081405,518.65,Layout 350 - Cement Type 2
173,Structural Concrete,colum-beam-wall-slab-foundation,535,229,981,370,Type 2,0,0,0,0,212,31,28,8,0.52,2,30.97195744,0.87018,457.25,Layout 300
174,Structural Concrete,colum-beam-wall-slab-foundation,537,358,906,388,Type 2,12,unknown,0,0,177,32,29,15,0.4,2,34.30836749,1.050055,490.05,"Layout 300 - Admixture:  Micro Silica Gel ""KARIZ"" (https://karizchemical.com/)"
175,Structural Concrete,colum-beam-wall-slab-foundation,528,226,1148,322,Type 2,28,unknown,0,0,158,29,20,10,0.39,2,36.51165714,1.16957,445.1,Layout 300
176,Structural Concrete,colum-beam-wall-slab-foundation,391,391,113,368,Type 2,32,unknown,0,0,162,30,20,9,0.35,2,42.49201478,1.08063,444.75,Layout 350
177,Structural Concrete,colum-beam-wall-slab-foundation,391,391,1207,322,Type 2,28,unknown,0,0,146,29,20,10,0.35,2.1,35.75624354,1.18679,449.45,Layout 300
178,Structural Concrete,colum-beam-wall-slab-foundation,620,266,841,375,Type 2,0,0,0,0,207,31,27,9,0.52,2.3,34.49722088,0.873505,461.35,Layout 300
179,Structural Concrete,colum-beam-wall-slab-foundation,524,349,893,380,Type 2 Khuzestan ,20,unknown,1,unknown,185,30,27,9,0.4,2,39.47036039,1.127975,488.3,Layout 300  - With Admixture - Cement Type 2 Khozestan
180,Structural Concrete,colum-beam-wall-slab-foundation,739,185,874,375,Type 2,25,unknown,3.6,unknown,190,31,27,8,0.43,2.1,38.7149468,1.18745,489.9,Layout 400 - Cement Type 2 - With admixture
181,Structural Concrete,colum-beam-wall-slab-foundation,739,185,769,450,Type 2,25,unknown,2,unknown,207,32,27,14,0.4,2,50.172053,1.271705,559.65,Layout 300 - Cement Type 2 - With admixture
182,Structural Concrete,colum-beam-wall-slab-foundation,534,437,898,323,Type 2,17,unknown,0,0,169,30,27,12,0.45,2.2,32.60868689,1.032535,433.45,"Layout 240 - Admixture:  Normal Microsilica gel  RB-MS360S ""REZIN BETON BARTAR"" (https://resinbeton.com/product/%DA%98%D9%84-%D9%85%DB%8C%DA%A9%D8%B1%D9%88%D8%B3%DB%8C%D9%84%DB%8C%DA%A9%D8%A7-%D9%86%D8%B1%D9%85%D8%A7%D9%84/)"
183,Structural Concrete,colum-beam-wall-slab-foundation,534,437,817,361,Type 2,19,unknown,0,0,186,31,28,14,0.45,2.1,37.33002187,1.09379,469.4,"Layout 280 - Admixture:  Normal Microsilica gel  RB-MS360S ""REZIN BETON BARTAR"" (https://resinbeton.com/product/%DA%98%D9%84-%D9%85%DB%8C%DA%A9%D8%B1%D9%88%D8%B3%DB%8C%D9%84%DB%8C%DA%A9%D8%A7-%D9%86%D8%B1%D9%85%D8%A7%D9%84/)"
184,Structural Concrete,colum-beam-wall-slab-foundation,534,437,918,340,Type 2,1.53,unknown,0,0,169,31,28,13,0.45,2.2,31.60146877,0.874695,435.98,Layout 240 - Admixture:  Super Plasticizer BSM FLOW M45  (*https://bsmco.org/cgi-sys/suspendedpage.cgi)
185,Structural Concrete,colum-beam-wall-slab-foundation,534,437,849,380,Type 2,1.52,unknown,0,0,183,31,28,14,0.44,2.1,35.94509694,0.916985,472.52,Layout 280 - Admixture:  Super Plasticizer BSM FLOW M45 (*https://bsmco.org/cgi-sys/suspendedpage.cgi)
186,Structural Concrete,colum-beam-wall-slab-foundation,582,314,831,410,Type 2,0,0,0,0,208,31,27,8,0.46,2,36.95231507,0.92252,496.35,Layout 300 without Admixture
187,Structural Concrete,colum-beam-wall-slab-foundation,464,464,883,350,Type 2,3.15,unknown,0,0,183,30,32,10,0.48,2,42.24021024,0.892745,443.7,Layout 300
188,Structural Concrete,colum-beam-wall-slab-foundation,464,464,863,400,Type 2,3.2,unknown,0,0,175,31,32,9,0.4,2,48.15761675,0.959225,492.75,Layout 350
189,Structural Concrete,colum-beam-wall-slab-foundation,326,490,991,350,Type 2,0,0,0,,193,27,26,10,0.5,2.1,32.35688236,0.854295,440.35,Layout A
190,Structural Concrete,colum-beam-wall-slab-foundation,326,490,1052,334,Type 2,16,unknown,0,0,163,27,26,10,0.41,2,44.8212067,1.035645,443.4,Layout B
191,Structural Concrete,colum-beam-wall-slab-foundation,784,0,1218,347,Type 2,3.5,unknown,0,0,128,24,23,9,0.3,2,38.46314226,0.93012,450.6,Layout with admixture
192,Structural Concrete,colum-beam-wall-slab-foundation,784,0,1095,350,Type 2,0,0,0,0,176,24,23,9,0.44,2.1,26.43947586,0.86844,443.95,Layout without admixture
193,Structural Concrete,colum-beam-wall-slab-foundation,464,464,883,350,Type 2,3.15,unknown,0,0,183,30,32,10,0.48,2,42.24021024,0.892745,443.7,Layout 300
194,Structural Concrete,colum-beam-wall-slab-foundation,464,464,863,400,Type 2,3.2,unknown,0,0,175,31,32,9,0.4,2,48.15761675,0.959225,492.75,Layout 350
